<ini>
	<device>e1</device>
	<content>
		<name>The Lost and Damned Radio</name>
		<id>1</id>
		<audiometadata>e1_radio_tlad.xml</audiometadata>
		<enabled />
	</content>	
	<content>
		<name>The Lost and Damned</name>
		<id>2</id>
		<episode>1</episode>
		<datfile>content.dat</datfile>
		<audiometadata>e1_audio_tlad.xml</audiometadata>
		<loadingscreens>pc/textures/loadingscreens.wtd</loadingscreens>
		<loadingscreensdat>common\data\loadingscreens.dat</loadingscreensdat>
		<loadingscreensingame>pc/textures/loadingscreens_ingame.wtd</loadingscreensingame>
		<loadingscreensingamedat>common\data\loadingscreens_ingame.dat</loadingscreensingamedat>
		<texturepath>pc/textures/</texturepath>
		<!-- <enabled /> -->
	</content>	
</ini>