<EpisodeTwo>
  <game content="ascii">e2:/pc/audio/config/ep2_game.dat</game>
  <sounds content="ascii">e2:/pc/audio/config/ep2_sounds.dat</sounds>
  <curves content="ascii">e2:/pc/audio/config/ep2_curves.dat</curves>
  <speech content="ascii">e2:/pc/audio/config/ep2_speech.dat</speech>
  <wavepack content="ascii">e2:/pc/audio/sfx/EP2_SPEECH.rpf</wavepack>
  <wavepack content="ascii">e2:/pc/audio/sfx/EP2_SCRIPTED_SPEECH.rpf</wavepack>
  <category_patch content="ascii">e2:/pc/audio/config/categories.dat</category_patch>
  <game content="ascii">e2:/pc/audio/config/ep2_radio_game.dat</game> 
  <sounds content="ascii">e2:/pc/audio/config/ep2_radio_sounds.dat</sounds>
  <speech content="ascii">e2:/pc/audio/config/ep2_radio_speech.dat</speech>
  <wavepack content="ascii">e2:/pc/audio/sfx/EP2_SFX.rpf</wavepack>
  <staticbank content="ascii">EP2_SFX\EP2_RESIDENT</staticbank>
</EpisodeTwo>
